-- phpMyAdmin SQL Dump
-- version 4.9.0.1
-- https://www.phpmyadmin.net/
--
-- Hôte : 127.0.0.1
-- Généré le :  lun. 01 juil. 2019 à 15:28
-- Version du serveur :  10.3.15-MariaDB
-- Version de PHP :  7.3.6

SET SQL_MODE = "NO_AUTO_VALUE_ON_ZERO";
SET AUTOCOMMIT = 0;
START TRANSACTION;
SET time_zone = "+00:00";


/*!40101 SET @OLD_CHARACTER_SET_CLIENT=@@CHARACTER_SET_CLIENT */;
/*!40101 SET @OLD_CHARACTER_SET_RESULTS=@@CHARACTER_SET_RESULTS */;
/*!40101 SET @OLD_COLLATION_CONNECTION=@@COLLATION_CONNECTION */;
/*!40101 SET NAMES utf8mb4 */;

--
-- Base de données :  `blog`
--

-- --------------------------------------------------------

--
-- Structure de la table `articles`
--

CREATE TABLE `articles` (
  `id` int(11) NOT NULL,
  `filename` varchar(255) COLLATE utf8_unicode_ci NOT NULL,
  `title` varchar(255) COLLATE utf8_unicode_ci NOT NULL,
  `description` longtext COLLATE utf8_unicode_ci NOT NULL,
  `create_at` datetime NOT NULL,
  `updated_at` datetime NOT NULL,
  `category_id` int(11) DEFAULT NULL
) ENGINE=InnoDB DEFAULT CHARSET=utf8 COLLATE=utf8_unicode_ci;

--
-- Déchargement des données de la table `articles`
--

INSERT INTO `articles` (`id`, `filename`, `title`, `description`, `create_at`, `updated_at`, `category_id`) VALUES
(6, 'mira_white.png', 'new test category 2', 'Quibus ita sceleste patratis Paulus cruore perfusus reversusque ad principis castra multos coopertos paene catenis adduxit in squalorem deiectos atque maestitiam, quorum adventu intendebantur eculei uncosque parabat carnifex et tormenta. et ex is proscripti sunt plures actique in exilium alii, non nullos gladii consumpsere poenales. nec enim quisquam facile meminit sub Constantio, ubi susurro tenus haec movebantur, quemquam absolutum.\r\n\r\nQuam ob rem ut ii qui superiores sunt submittere se debent in amicitia, sic quodam modo inferiores extollere. Sunt enim quidam qui molestas amicitias faciunt, cum ipsi se contemni putant; quod non fere contingit nisi iis qui etiam contemnendos se arbitrantur; qui hac opinione non modo verbis sed etiam opere levandi sunt.\r\n\r\nPrimi igitur omnium statuuntur Epigonus et Eusebius ob nominum gentilitatem oppressi. praediximus enim Montium sub ipso vivendi termino his vocabulis appellatos fabricarum culpasse tribunos ut adminicula futurae molitioni pollicitos.\r\n', '2019-06-26 15:01:31', '2019-06-26 13:58:43', 9),
(11, '43693526_2217058378530742_4899666547741556736_n.jpg', 'Football', 'Quibus ita sceleste patratis Paulus cruore perfusus reversusque ad principis castra multos coopertos paene catenis adduxit in squalorem deiectos atque maestitiam, quorum adventu intendebantur eculei uncosque parabat carnifex et tormenta. et ex is proscripti sunt plures actique in exilium alii, non nullos gladii consumpsere poenales. nec enim quisquam facile meminit sub Constantio, ubi susurro tenus haec movebantur, quemquam absolutum.\r\n\r\nQuam ob rem ut ii qui superiores sunt submittere se debent in amicitia, sic quodam modo inferiores extollere. Sunt enim quidam qui molestas amicitias faciunt, cum ipsi se contemni putant; quod non fere contingit nisi iis qui etiam contemnendos se arbitrantur; qui hac opinione non modo verbis sed etiam opere levandi sunt.\r\n\r\nPrimi igitur omnium statuuntur Epigonus et Eusebius ob nominum gentilitatem oppressi. praediximus enim Montium sub ipso vivendi termino his vocabulis appellatos fabricarum culpasse tribunos ut adminicula futurae molitioni pollicitos.\r\n', '2019-06-27 14:54:42', '2019-06-27 14:54:42', 7),
(12, 'mira2.jpg', 'basketball', 'Quibus ita sceleste patratis Paulus cruore perfusus reversusque ad principis castra multos coopertos paene catenis adduxit in squalorem deiectos atque maestitiam, quorum adventu intendebantur eculei uncosque parabat carnifex et tormenta. et ex is proscripti sunt plures actique in exilium alii, non nullos gladii consumpsere poenales. nec enim quisquam facile meminit sub Constantio, ubi susurro tenus haec movebantur, quemquam absolutum.\r\n\r\nQuam ob rem ut ii qui superiores sunt submittere se debent in amicitia, sic quodam modo inferiores extollere. Sunt enim quidam qui molestas amicitias faciunt, cum ipsi se contemni putant; quod non fere contingit nisi iis qui etiam contemnendos se arbitrantur; qui hac opinione non modo verbis sed etiam opere levandi sunt.\r\n\r\nPrimi igitur omnium statuuntur Epigonus et Eusebius ob nominum gentilitatem oppressi. praediximus enim Montium sub ipso vivendi termino his vocabulis appellatos fabricarum culpasse tribunos ut adminicula futurae molitioni pollicitos.\r\n', '2019-06-27 14:55:20', '2019-06-27 14:55:20', 8),
(13, 'logo.jpg', 'box', 'Quibus ita sceleste patratis Paulus cruore perfusus reversusque ad principis castra multos coopertos paene catenis adduxit in squalorem deiectos atque maestitiam, quorum adventu intendebantur eculei uncosque parabat carnifex et tormenta. et ex is proscripti sunt plures actique in exilium alii, non nullos gladii consumpsere poenales. nec enim quisquam facile meminit sub Constantio, ubi susurro tenus haec movebantur, quemquam absolutum.\r\n\r\nQuam ob rem ut ii qui superiores sunt submittere se debent in amicitia, sic quodam modo inferiores extollere. Sunt enim quidam qui molestas amicitias faciunt, cum ipsi se contemni putant; quod non fere contingit nisi iis qui etiam contemnendos se arbitrantur; qui hac opinione non modo verbis sed etiam opere levandi sunt.\r\n\r\nPrimi igitur omnium statuuntur Epigonus et Eusebius ob nominum gentilitatem oppressi. praediximus enim Montium sub ipso vivendi termino his vocabulis appellatos fabricarum culpasse tribunos ut adminicula futurae molitioni pollicitos.\r\n', '2019-06-27 14:55:45', '2019-06-27 14:55:45', 13),
(14, 'epockets.png', 'Messi', 'Lorem Ipsum jdiaduaz azinda iai oaiz dipa uduna oapp  aa.\r\nazj ia adazi azda aazaa aztegergz  eozp dsd pzi', '2019-06-30 17:03:08', '2019-06-30 17:03:09', 7);

-- --------------------------------------------------------

--
-- Structure de la table `category`
--

CREATE TABLE `category` (
  `id` int(11) NOT NULL,
  `name` varchar(255) COLLATE utf8_unicode_ci NOT NULL
) ENGINE=InnoDB DEFAULT CHARSET=utf8 COLLATE=utf8_unicode_ci;

--
-- Déchargement des données de la table `category`
--

INSERT INTO `category` (`id`, `name`) VALUES
(7, 'Football'),
(8, 'Basketball'),
(9, 'Tennis'),
(13, 'BOX');

-- --------------------------------------------------------

--
-- Structure de la table `comment`
--

CREATE TABLE `comment` (
  `id` int(11) NOT NULL,
  `articles_id` int(11) NOT NULL,
  `author` varchar(255) COLLATE utf8_unicode_ci NOT NULL,
  `content` longtext COLLATE utf8_unicode_ci NOT NULL,
  `createdAt` date NOT NULL
) ENGINE=InnoDB DEFAULT CHARSET=utf8 COLLATE=utf8_unicode_ci;

--
-- Déchargement des données de la table `comment`
--

INSERT INTO `comment` (`id`, `articles_id`, `author`, `content`, `createdAt`) VALUES
(1, 13, 'test 1', 'comment 1', '2019-06-28'),
(2, 13, 'test 2', 'comment 2', '2019-06-28'),
(3, 13, 'test 3', 'comment 3', '2019-06-29'),
(4, 11, 'Samy', 'His cognitis Gallus ut serpens adpetitus telo vel saxo iamque spes extremas opperiens et succurrens saluti suae quavis ratione colligi omnes iussit armatos et cum starent attoniti, districta dentium acie stridens adeste inquit viri fortes mihi periclitanti vobiscum.', '2019-06-29'),
(5, 11, 'akad', 'His cognitis Gallus ut serpens adpetitus telo vel saxo iamque spes extremas opperiens et succurrens saluti suae', '2019-06-29');

-- --------------------------------------------------------

--
-- Structure de la table `users`
--

CREATE TABLE `users` (
  `id` int(11) NOT NULL,
  `username` varchar(255) COLLATE utf8_unicode_ci NOT NULL,
  `password` varchar(255) COLLATE utf8_unicode_ci NOT NULL
) ENGINE=InnoDB DEFAULT CHARSET=utf8 COLLATE=utf8_unicode_ci;

--
-- Déchargement des données de la table `users`
--

INSERT INTO `users` (`id`, `username`, `password`) VALUES
(5, 'admin', '$2y$13$4zz/Z09sgNUXzgz.9GqSOuGUaTcFZOmeFHlS680Rv8ml5e2dYlOJu'),
(6, 'samy', '$2y$13$V/JDJ1TnyLYciEw5sQDIFeqJMr3jMWIQhlAKtxPqHVo3oMg.Gtd2m');

--
-- Index pour les tables déchargées
--

--
-- Index pour la table `articles`
--
ALTER TABLE `articles`
  ADD PRIMARY KEY (`id`),
  ADD KEY `IDX_BFDD316812469DE2` (`category_id`);

--
-- Index pour la table `category`
--
ALTER TABLE `category`
  ADD PRIMARY KEY (`id`);

--
-- Index pour la table `comment`
--
ALTER TABLE `comment`
  ADD PRIMARY KEY (`id`),
  ADD KEY `IDX_9474526C1EBAF6CC` (`articles_id`);

--
-- Index pour la table `users`
--
ALTER TABLE `users`
  ADD PRIMARY KEY (`id`);

--
-- AUTO_INCREMENT pour les tables déchargées
--

--
-- AUTO_INCREMENT pour la table `articles`
--
ALTER TABLE `articles`
  MODIFY `id` int(11) NOT NULL AUTO_INCREMENT, AUTO_INCREMENT=15;

--
-- AUTO_INCREMENT pour la table `category`
--
ALTER TABLE `category`
  MODIFY `id` int(11) NOT NULL AUTO_INCREMENT, AUTO_INCREMENT=15;

--
-- AUTO_INCREMENT pour la table `comment`
--
ALTER TABLE `comment`
  MODIFY `id` int(11) NOT NULL AUTO_INCREMENT, AUTO_INCREMENT=6;

--
-- AUTO_INCREMENT pour la table `users`
--
ALTER TABLE `users`
  MODIFY `id` int(11) NOT NULL AUTO_INCREMENT, AUTO_INCREMENT=7;

--
-- Contraintes pour les tables déchargées
--

--
-- Contraintes pour la table `articles`
--
ALTER TABLE `articles`
  ADD CONSTRAINT `FK_BFDD316812469DE2` FOREIGN KEY (`category_id`) REFERENCES `category` (`id`);

--
-- Contraintes pour la table `comment`
--
ALTER TABLE `comment`
  ADD CONSTRAINT `FK_9474526C1EBAF6CC` FOREIGN KEY (`articles_id`) REFERENCES `articles` (`id`);
COMMIT;

/*!40101 SET CHARACTER_SET_CLIENT=@OLD_CHARACTER_SET_CLIENT */;
/*!40101 SET CHARACTER_SET_RESULTS=@OLD_CHARACTER_SET_RESULTS */;
/*!40101 SET COLLATION_CONNECTION=@OLD_COLLATION_CONNECTION */;
